study_hours,attendance,previous_score,sleep_hours,internet_usage,extracurricular,parent_education,final_score
4.370861069626263,84.90808570098726,51.10797573031718,6.59540892568109,2.8319397861513416,0,3,79.23271142143257
9.556428757689245,76.80481831720601,72.51405684270149,6.395909388148655,2.7288515935039985,0,3,100.0
7.587945476302646,65.47638081431639,92.37675015258449,4.1282103290321785,7.343782063647257,0,3,100.0
6.387926357773329,90.68975098534743,83.93349318457368,5.7062391381307815,2.7468233989465425,0,3,100.0
2.4041677639819286,84.23655862769397,88.39366887168698,5.900978093929285,2.9036480829004168,1,1,82.5786527537664
2.403950683025824,58.130846967244565,79.52700200264304,5.994113904484502,6.315787836925746,0,1,66.07630530916104
1.5227525095137953,95.54635922469213,81.53659387107115,6.900861846136661,4.14817889715378,0,3,78.55946358521727
8.795585311974417,91.12686214615844,90.95173909391916,6.668012733634392,6.436973898686269,0,2,100.0
6.41003510568888,97.48999566459621,54.98008053155116,7.039525463967223,1.4575631029506968,1,2,100.0
7.372653200164409,86.285975419418,69.36549781858842,7.824416307710641,4.4129983557136905,0,1,100.0
1.185260448662222,80.6707597967895,53.27256650917613,8.064928693580468,1.2352952012829785,0,3,78.50299835180994
9.72918866945795,70.91215181453094,99.26008047979882,7.590615381132472,1.4385724241874818,1,3,100.0
8.491983767203795,96.63642416770067,96.64356038119679,8.777618479774674,7.345062173410876,1,1,100.0
2.9110519961044856,93.30319447502042,42.365608682110356,4.091162913381808,1.9747175978231661,0,2,74.20064422763747
2.636424704863906,52.26093350530947,82.33451035094131,4.978889928417731,4.72694477592652,0,2,70.53652687768937
2.650640588680904,51.3183487248626,95.51489904493995,4.0378143748907105,3.8776692182049457,0,2,85.64217743301646
3.7381801866358395,68.82316834390248,50.83452070764001,7.237373570773015,3.431403283811899,0,1,67.82748104025403
5.72280788469014,90.52766653909164,74.07671383315777,8.490152744749935,7.298833419810907,0,2,100.0
4.887505167779042,99.36380646574722,94.92929785528251,5.217411482881497,1.1527637774284265,1,1,100.0
3.6210622617823773,57.52084455517641,42.03675871514793,8.635172723981533,5.646527803229124,1,1,67.46610237567347
6.506676052501415,79.70653576760675,81.84521603481039,4.301336951447804,7.743761039494853,0,3,95.44056338060403
2.2554447458683766,69.04454283155107,57.840940442353045,8.672180134027572,4.921177284232893,0,2,77.82288621163815
3.629301836816963,98.49571989073016,95.46377172259183,5.7581134361981725,7.557757234231643,1,1,92.37958336675914
4.297256589643226,92.10594615678544,98.26349470992207,4.5071041422460825,1.3658051550021664,0,2,93.76688854060463
5.104629857953324,91.91643523555689,96.65598934680604,6.429358795931628,3.93155323351913,0,2,100.0
8.066583652537123,73.43465798974852,68.45285299944783,5.28388283860254,2.8211045367343583,0,3,100.0
2.7970640394252375,70.74097511688326,91.7225590593588,5.424364509809614,6.115746754865109,0,2,82.5074336643205
5.628109945722504,63.670353596535314,90.67296391210422,5.536449824631433,7.869079633480727,0,3,86.13775342271884
6.331731119758382,52.81877483254635,59.14602839459534,8.015129489163318,2.7957104371097348,1,1,83.13381592794939
1.4180537144799796,93.23611881275266,89.73492844904064,6.695806383376272,5.579222210318521,0,2,72.59064062093616
6.467903667112945,90.64505045650388,42.220458082929554,5.556538495780019,2.3866834293181807,0,1,89.25591791916955
2.5347171131856236,99.98588366430653,75.77619270892318,7.051668916554592,4.95731178200127,0,2,78.89945366802478
1.5854643368675156,99.83184185369527,53.80053023726218,7.580753371115968,4.247527406818353,1,1,64.59354750304462
9.539969835279999,77.77158528013138,47.23401314663673,5.363120003667669,7.804037307420759,1,2,100.0
9.690688297671034,88.44937075902553,44.61719209775255,6.067745507626758,5.259690908875266,1,2,100.0
8.27557613304815,97.2382864941214,81.77732655268838,4.609430466684738,3.4465446046077313,1,2,100.0
3.741523922560336,92.48236953387057,60.39249782608397,4.905746747673401,1.7986704942155336,0,2,83.05258444113397
1.8790490260574548,62.36740508715988,83.48600629172569,7.405589269824914,2.058727801144542,1,2,69.18623497613882
7.158097238609412,72.52720676550467,43.92138044793654,4.907191738478135,2.5772185096586457,0,2,91.64948070963747
4.961372443656412,56.45797075757475,58.91742026983662,6.625816918335301,2.756766629382086,0,2,76.96404812364318
2.0983441136030097,97.70255136293612,72.36947754252023,7.545231308612164,6.954312404887965,1,2,83.06072531946207
5.456592191001432,80.308731722544,87.44338989033781,4.534384615473719,4.928559517977675,1,2,83.586055072929
1.3094966900369656,61.43214027517313,59.1251501759242,6.836561098144518,4.663736379620565,1,1,65.19254339077237
9.18388361870904,83.58503422029284,77.55348258622054,5.282813918506819,1.8033821030845223,1,3,100.0
3.3290198344001523,80.90641202289478,93.15866489417122,8.814634376187898,7.020977853446045,1,2,86.39807938979763
6.962700559185838,67.90813590164203,76.95179129093827,6.4177282335996235,6.059700122459386,0,3,97.01455819386544
3.8053996848046987,55.67787960998145,53.97756848521803,8.029962748875791,1.473678533300011,1,2,76.18882130922928
5.680612190600297,83.57865977963998,41.46404689339228,6.751132710781309,5.954845680608381,1,2,88.00361260944976
5.920392514089517,76.01538504518966,92.2059324340558,4.217062664274096,4.804767521398523,1,1,93.41394949226908
2.6636900997297435,88.61591958678197,41.27616465102323,7.165756877970112,1.5720774202274477,0,1,78.20017499375848
9.726261649881026,76.00817505559966,92.48210036105196,8.757016711033286,4.208104490700595,1,3,100.0
7.976195410250031,92.609075015927,71.73622804163271,7.008059100731656,4.3928740099103285,0,1,100.0
9.455490474077703,77.59534193872427,96.34406191077377,8.09594429713395,2.1604217811429303,1,1,100.0
9.053446153848839,78.04689857676931,87.92699414641993,8.42103231674204,7.619887029001976,1,3,100.0
6.381099809299767,93.83268013291725,99.87604663200025,5.140398859744662,6.9498276003646335,0,1,97.0936581067031
9.296868115208051,70.17414331061985,61.04270892710261,5.060224199541134,5.683156361303758,1,2,100.0
1.7964325184672756,56.70076142253204,86.03129733586762,7.054904944254958,4.236068927004251,0,3,75.1784373042895
2.763845761772307,51.43913381566695,64.11585481655453,6.055142349033524,3.8823587910915593,0,3,77.1671997891497
1.4070456001948426,87.75686278368094,68.79253721823453,8.199306514333601,5.556814270056679,0,2,82.43786537025161
3.927972976869379,81.01547756767323,77.6503277931022,8.500115616990056,4.818023085848338,1,1,89.77994217328293
4.498095607205338,85.20398840496118,92.42062685118033,5.7671068965135905,1.4359117411731992,1,3,98.94271597377555
3.442141285965063,60.64820807544554,99.0450081519577,5.18435279487241,4.587518541392322,1,3,91.64608647485673
8.458637582367365,56.818573779338486,86.0964048318711,7.9026275762193094,6.644825320629876,0,2,97.29229047471178
4.210779940242303,50.7272332833941,65.06600693004003,5.37403017774068,4.2146791431787065,1,2,82.8552280928746
3.5284105871864266,67.52937794032985,65.2814201366242,8.113071592568392,1.3636960428798788,0,1,78.82818314031756
5.884264748424236,79.49588434273166,84.25493809533349,6.118691268243814,6.503947395688232,1,3,100.0
2.2683180247728636,69.61220225498661,54.32662874609814,7.337749496457352,2.4095464749518207,0,1,64.61232620025277
8.219772826786357,71.87374610118646,46.62844678788368,4.477676569173341,2.8103458442162714,0,1,84.54329311795937
1.6709557931179373,95.20793472468742,61.277329458446594,7.119296623382865,2.1529444740260715,0,2,82.12372428483643
9.881982429404655,67.41277335116501,57.2343394992449,6.258838393686146,3.311505454100483,1,3,100.0
7.9502029236699165,75.69947445799053,57.778487227359406,6.933042315877371,6.297260539820445,0,3,99.20485836333046
2.7884411338075514,89.18265063705715,54.0164650629946,4.840071038724317,4.635701016527562,0,3,69.01072204191584
1.0496990541124216,69.8271391160635,42.525591378181716,7.684368724720911,2.434168919054988,0,2,65.20465374499838
8.339152856093508,81.10433501139367,41.07243608400483,8.313985387716142,7.144810547064286,0,2,99.15574284800778
7.361716094628554,93.11818543733726,99.2633433841619,5.083699000453878,7.157072984660704,0,2,100.0
7.561064512368886,97.47603118288211,65.66638802415174,4.478572777600808,7.094048975322048,0,2,100.0
7.941433120173512,57.3536740464519,63.0595988295809,4.118192930231682,2.671573479670775,1,2,93.8455122164701
1.6664018656068134,96.32938125807472,80.77883696158419,7.20985750221633,4.158675409266917,1,3,92.62283786206653
4.226191556898454,74.6058146539769,53.09523327190385,7.0354701804439035,7.894927592986125,0,1,61.864706556705016
2.0428215357261674,62.91221941494792,96.99767103701352,6.73348706357035,6.404087334169932,1,3,84.5148393762385
8.767930832880342,72.95678781191306,87.18070086493313,5.159735480579877,1.1901719485789188,1,1,100.0
6.609683141448022,99.00162876427385,45.36466013873557,5.954529979527574,1.4564321388234442,0,2,97.39679227261145
3.9780822236738427,74.63090469964348,65.0548465470957,6.972381675930865,4.247519637686329,0,1,79.4285170707119
1.5720251525742128,66.43758051437541,92.74709845372988,6.483834294295847,7.364541441030921,0,3,76.43959483660586
3.79884089544096,81.67004271583629,96.68392133748462,8.938927601074436,4.770912585669,1,3,100.0
3.9266498982407234,62.00728093890965,68.04409067499219,4.682198762783665,4.484687556240032,0,1,68.26456807605078
7.566455605042576,53.7931664054332,76.80468335264246,7.475722770237969,1.738315899696414,1,2,100.0
6.738017242196918,56.44398609553246,50.02203676552451,6.021593840521461,5.597460733070058,0,2,86.4417177428815
8.98491468318694,56.40229194788862,99.4701175682186,6.140998074628074,6.754722124201578,1,3,100.0
5.249934326457543,57.595134675614716,53.9003020830066,7.587988828290881,3.662940052552936,0,1,73.8671999547805
2.0763482134447155,56.941358632470504,96.56390644810755,7.462180756621848,6.429282956477293,0,2,73.67747118722959
7.419203085006955,82.04373724016072,78.9787989395421,8.956279968510941,7.751336577305681,1,2,100.0
7.847065437552077,59.09400421995724,76.46420769273155,4.641971447270626,2.4263652138938236,1,3,100.0
6.051494778125466,67.28336416619317,70.76131066099052,4.520548246920832,4.663307418363189,1,2,93.95873534817757
7.938704619591049,94.83942049530059,53.84018870306552,7.621694085643706,3.0099657065920287,1,1,100.0
5.444160367279517,73.69808201314362,50.591681920330494,6.891934585032045,6.549980933236876,1,3,85.05667182741415
5.704595464437946,83.37788692605136,53.22917254421052,5.37080333279903,5.043153561168102,1,3,87.38370868729425
4.847869165226947,58.61599356008149,51.186295728655274,4.397096844944933,5.442076922852126,0,1,69.94436033663628
1.2287721406968566,59.61445094043354,86.7750684140052,4.428291247982153,6.585399117311258,1,3,56.89686469995294
1.97102284293974,52.043430813323944,61.0075155500038,8.470954373320591,3.771793308637184,0,2,61.879476101867034
1.2828626711806081,58.44675315360823,43.47056059380378,4.959336623593715,7.405630478849303,0,2,34.53863903492092
6.727693701374023,63.92951695159793,98.14615780844868,5.616857810577604,4.73120207072298,1,1,95.8842006440225
3.82920382968694,58.85052421383734,93.02715309780554,5.13328201113494,2.105683759847436,0,2,83.28498839969683
5.577136220482325,54.43512668785278,95.66513699171279,5.774981529159686,5.871293827181617,1,1,97.61370561268792
9.168098265334837,56.03179355503004,99.69446935878612,4.347119213730467,6.552829453067781,1,1,92.58750155377696
3.2436300623398746,73.03893840163629,50.433714953169236,6.595298954541352,3.217331739472687,0,2,70.58440511215997
4.693446307320667,60.31668592028963,63.77452113415953,4.338062817961075,7.0002547989912705,0,1,71.34562156467982
7.799960246887438,68.21349305240378,85.49430854224548,8.001782539111808,7.343002783360365,1,2,100.0
3.059183489424602,75.17086354274285,81.76123708322753,5.168560409552165,2.9383314116446626,1,3,94.78998571254868
1.6928191884591368,84.51974143146826,49.233754380391304,6.700059573022553,7.884650309006554,0,3,64.8919211994109
3.6077630762239123,51.965606992054944,88.94998749943707,8.40039543780729,1.9849806963413088,0,1,87.90320321201922
2.4509915852860398,89.97051994545214,53.46643431019964,7.254386845235971,2.4141096788174297,0,2,68.32776264737875
9.367278871083158,81.39501947454539,53.42905688935738,6.664788932756677,2.289573874666183,0,2,100.0
8.273083416079754,54.08795159744359,72.21846537360481,5.621668765576878,7.257927970055093,1,3,88.92211056790478
6.700633808593811,93.67893120533886,75.57639609050219,5.6650095652909895,5.580047866274733,1,3,100.0
8.84314531168946,96.04362002659066,74.80517247026867,7.34743477599095,2.0647299825559102,1,2,100.0
8.23304869209203,53.05389799274319,45.489210243865294,8.970696806105838,4.082263928578443,1,1,93.6627845115908
2.6791305299743224,63.843882407360184,92.64765175782283,7.309195949246893,5.307086175488614,0,3,80.8584726681793
9.0330309864098,90.31006398965306,55.93600255532236,6.788917086850125,1.584248594925683,0,1,100.0
5.854080177240856,87.41298451918291,47.77089527696825,7.65325255119623,7.176914578851371,1,1,85.19102224834396
8.266961396476562,59.226050967818864,93.32488479213863,6.326028061418591,6.625224748090746,1,3,100.0
9.06482169931144,60.467466166835514,97.3390898937852,4.300711713003926,4.536447415036467,1,1,100.0
3.8620312747467747,68.5236051395691,91.72765703592704,6.811484079389549,7.769886306814193,1,1,80.9844925722429
1.9904673207490908,74.22614925955106,88.57096448349269,8.7881264225269,3.924326854925698,1,2,84.03461955749657
3.051416462877475,80.9127385765148,79.3145188383413,4.876514711788298,7.888772233255485,1,1,69.84296762322944
4.843970097636307,68.44568197848862,73.05144223654835,7.450024454103328,5.67543999162539,1,2,82.23218181332803
8.362132893302437,73.1267358066574,45.21920559468461,5.004668443295282,5.44269891277759,1,3,96.92510480550196
8.74657524930709,87.37354690668782,64.50719278424192,6.679138422365407,2.1616842670704948,1,3,100.0
1.0625691747807164,51.834160144529896,62.36131102073884,4.483382248233598,7.173494308132508,0,2,49.819120356733244
5.596725723198092,62.62184721720104,55.585227025619574,6.251854681290926,3.992427815444306,1,3,87.63151191566362
4.7566990283390105,85.66747929422762,83.40520682131509,7.78081664447623,2.1356338404773556,0,1,100.0
2.9989702942365724,94.76034188435996,69.75254410472625,5.737857621194911,1.0882526398303134,0,1,86.00013674699132
2.0787883060031453,75.5838721057833,44.862772954458876,7.32455862243609,4.918289785468678,1,1,59.05133326861853
4.038536542632651,76.60567426326578,53.21099211698868,7.977249803948646,4.691797354858735,1,3,92.97481647006059
9.486187335212673,55.358600566988805,80.99552581957576,8.635889097397264,6.03547535658411,0,1,100.0
3.908826388186797,72.37061834117273,44.56785156941801,5.173210409277267,7.231806371124615,0,3,70.82161115622267
5.669115595690295,76.63086332275115,91.07241484292612,5.996579579046541,1.5558460925012065,1,1,100.0
7.3271706300566,62.12352518173648,69.70879162083845,4.7620800666520875,6.120475432382537,0,2,79.70766662719652
4.272666421413646,63.46216154746905,68.83519463959888,8.962417510791877,2.3118836086830754,1,3,91.59883595114306
9.746038744488645,68.86420815523113,75.54446707957105,8.635004839621477,7.007239372100148,1,3,100.0
9.662025654479,51.003559888886315,89.48085795550895,6.699785651402798,6.733444597031593,1,1,100.0
3.2660406624282774,66.10395827915892,60.86855247413158,8.210166471882106,4.785556284898811,0,3,80.25791287954152
5.475236553031469,60.572400349827234,80.68096915354381,6.604789886360211,5.971699590363181,0,3,94.86063528339858
3.707904788350927,66.37486760889573,73.94391783974747,7.117928440013799,3.200450792286239,1,2,85.42715523056668
3.5635644493972087,55.98810659096256,56.02169621016528,4.445622160580083,4.298175292529702,0,2,67.24000193079625
1.3319825261907952,94.52636403699475,92.71779918130947,7.77635210248404,6.751458283973301,0,1,80.30568535972239
6.486079005819072,79.67962267770244,87.84556129641568,4.638567418176174,4.214856380212497,0,2,95.3406883332321
5.524111209059753,83.95511595722448,79.50711007950552,8.130338151262642,3.5045878572780924,0,1,98.77573658772484
1.463308761249904,89.45856193036691,91.03490374565452,7.910140438351929,4.459487130752099,0,1,86.44457328546245
3.507818178129503,74.92210994645286,92.03765205758815,7.543723488714882,6.797744767060529,0,1,90.26555643683443
9.174392973699883,54.34601440437118,82.50177860290209,4.180801902623811,3.346456331596109,0,3,100.0
3.1560570160027517,76.85532709092739,90.22079970182033,5.515641779726643,2.2163311519502065,1,2,97.30374154929459
2.304053848821008,79.34205590104396,81.84828770015702,5.315562849554214,5.9840981423154656,0,1,74.81150331716117
5.405074842498067,87.2719737092165,80.80844630561802,5.800682037357595,6.781847488956573,0,2,97.27833679712701
9.870854086995406,71.58297731148397,77.11668269291106,4.438213733819193,1.7044623496647333,0,1,100.0
3.178497443603504,56.37901513977819,85.16299837345848,8.684789115155313,2.6791187892916133,0,2,85.1055384512889
7.049219926652907,64.18879528993622,49.51630631758442,6.769011203561881,1.9938039283269573,0,2,94.48659442475085
7.854576537958458,68.15411481993175,92.85224555193571,5.527621553290118,3.4355898810751664,0,1,100.0
3.1387378959315972,82.29586206658006,92.31061166471392,5.984907585371417,4.152456852337888,0,3,93.79688437049789
7.553947137506736,78.53891523344559,41.75483698207355,6.236012702524178,6.241784358743145,0,2,90.02782305067268
4.310048194473279,67.80483629489231,89.54900503388576,7.002971666803086,5.558033094171719,1,3,99.63566317023363
6.690752475342215,99.32576243964898,47.73219204840671,6.578397138482488,5.346499972349018,0,3,100.0
6.7017673968480524,80.28874096784436,60.107131255548516,8.596959866072087,3.466624626267581,0,1,100.0
5.821972156672826,61.86133958679972,84.61049537749646,6.484817414529151,6.89013287159332,0,1,86.64999468143886
1.8126079304896747,55.089123631020186,49.64559376289849,8.960790074116563,4.299010171787152,0,1,58.19411336411599
8.517722460303142,57.642956959216605,89.07802144714373,8.257124788725479,7.853734566106081,1,2,100.0
3.8870205847456223,62.29788641922541,89.92805067746451,5.042552571786679,5.438994968070158,1,1,82.3537204641928
2.678666593598688,58.03406866297778,70.44806402565017,8.65297607321958,1.8838531909515193,1,1,69.41921645894746
1.3669762739928752,59.32835120256529,40.383152303010014,4.58183198942738,5.733242934528038,1,2,56.00923208097343
6.318036488694176,64.25475843469235,57.22228799049476,8.087248542455958,3.2757281080218927,1,2,93.23579689210044
7.098079256580542,58.66867976473774,77.01561510254453,5.9031164673829,5.804290376802682,1,1,89.92203571122803
1.1492904603507053,94.83827123132126,98.87117068164541,8.389871602225348,1.4874880371368402,1,1,80.64633203952621
5.608837524693529,54.01168728308211,77.9088116210001,8.340283450537251,2.2241700602317156,1,1,93.57146273662782
3.0384619767814414,76.22556947851274,55.588214863849586,8.029627000588105,6.990160812340505,1,1,69.87689688028753
6.806555113685048,70.51984134948307,78.04034218597668,7.950152181535307,2.590256899164604,1,3,100.0
2.569297861044923,99.11893084543031,72.39912278295132,5.523395695490204,6.859287876700581,1,3,79.93444302232871
7.218439642922194,55.60194510840262,86.79072370906862,4.404596415256261,2.954932619180873,1,1,96.73268191027461
4.480618116704837,69.89277995228709,46.41883832961751,6.014900893825807,5.500173370410954,1,3,73.77681933515407
9.43056989863061,98.47352166376844,85.66167415012168,4.867622574932543,5.859054014568817,1,2,100.0
2.2376884973139393,93.27535629469901,72.47599472056662,7.474755444512309,4.58858327201537,1,3,83.48416530098753
4.069597159452327,90.85360354746399,97.77952023153968,5.730498632688928,3.1371747368771192,1,3,100.0
2.021261691165302,62.895141352246995,60.51232996232117,8.878051004299575,2.488510634597673,0,1,76.10334574718757
9.322242564507064,58.54437936950329,77.95731358803688,7.20486038672666,1.2323254819369835,1,3,100.0
8.896054180428829,83.43216099622155,95.92168633060105,8.112402818171805,3.1276248086850664,0,3,100.0
3.3214746494364005,96.46879945637929,46.15058367944076,4.662623363709242,5.572139533718981,1,3,77.43854091971511
6.939856414307611,77.83814465069649,96.23370923418707,8.310072411363112,7.568133729139379,1,3,100.0
8.354999801810942,78.580634473495,81.2731433380488,8.613785952566971,7.098431375841364,0,2,100.0
5.996807304395161,63.99895468301421,44.07022354631032,6.435309594094679,6.362453435747118,1,1,72.28188027272333
5.766855205204059,88.47464665959684,58.057814016808976,7.031264688754887,6.519131402773091,0,1,86.63868935676217
3.1766706181040654,59.35218742787617,82.4903253187169,7.824049004514977,5.654894324331967,0,2,78.4345584247046
1.837924910253093,66.18396182021219,44.041036088126305,4.874193136302063,2.822008002962021,0,3,68.90705264191428
9.074941821579941,71.27182193082083,74.9302276105764,6.512830382317212,7.350365214940809,1,2,100.0
9.103762514469974,75.38051893422275,60.752983417177404,5.993315138861566,5.695126183340839,1,3,99.6141231427578
6.697913115459412,62.120486620754015,77.25493106604863,4.731869960811245,4.923084416863079,1,2,86.1210072951802
4.051268119438306,55.74184123696018,42.74452202875077,5.837672111457657,1.7769262844943676,0,1,65.43435723075683
4.142886171513948,80.53100212208163,92.29220836914257,4.340861546927468,4.129388806644978,0,1,85.30172733854002
7.533601109832154,64.43152766201278,98.40933815064382,4.129059534747435,4.222507898413484,1,1,100.0
9.073992339573193,79.06191107113061,98.13267131714149,4.675831445774114,7.05194526665869,1,3,100.0
8.983777818386056,57.718135763710116,84.97910990457548,8.81557555794587,4.8265375413145195,1,3,100.0
8.018879912718615,74.05700509274088,47.80517440783792,6.747647679475085,3.6628038427928677,1,2,98.96280660160215
6.77828481538859,76.62947162757929,85.49579175574135,8.8291108057661,7.837602299574615,1,2,100.0
1.7572596849554394,52.591176841121346,41.47521498752809,6.16248939165066,1.7750441532842096,0,1,46.871692254634446
2.454658426851524,66.83021390969603,41.327413091739835,5.559080665426298,3.9578389981836124,0,3,63.55441854818403
9.086987696743714,56.72073384694871,59.41661314897247,6.5307093142012205,1.294172726199837,0,2,100.0
6.457861536936309,53.168748523638385,69.31859142427994,6.19755844316455,6.179328845368513,1,3,97.27067135895814
1.0827734645496667,99.49801161949726,86.22444506846759,4.52832342130872,7.4265358653940545,0,3,65.62313385139419
1.913243885794289,66.11769224873615,80.99772259639032,7.204131573451031,2.9602613068534263,0,1,63.941079400205325
6.971515921972502,90.49372229273175,66.7541623826049,5.080190912547998,7.008391737593846,0,1,92.87833695116949
1.0455542546159682,62.732032738188195,56.41759997689995,7.097939774489148,3.0455276132332845,0,3,70.87349201104539
2.4472724627574878,84.07513611119646,99.82747000946267,7.251005461990767,7.375391131507406,0,3,93.69508698423711
5.938604104299275,88.01139299448432,65.57087813415838,4.76012426564324,6.277733325177488,1,3,89.42353425043673
7.227056779234239,79.78193703039221,67.08322145978053,4.306748135553341,6.634347437890071,0,3,100.0
6.867651335523405,73.57880942750792,49.81742927150015,7.903807930342199,1.1260458892031815,1,1,89.30007449837805
3.018423785145038,70.59204570736343,87.68857292499577,6.299002118846601,7.739672499518182,1,2,86.87107824406519
7.409612992127823,67.44341332714977,81.62093354688932,4.290818977527379,6.086696944492263,1,1,88.88491366406542
3.135241787471201,96.4764572123913,53.24617676732562,8.974331585848836,3.1332576677029333,1,2,85.4072726164608
3.9285972834334095,91.53097038938645,44.94286273695056,4.288902804981833,6.805762654011929,1,3,77.64493194699357
7.718422646062217,98.25134553332563,80.82995812448279,7.475176144292766,2.9706483889045097,0,2,100.0
6.846696091424932,56.21486117427724,79.27067285686812,8.918394626317069,7.109276876962896,0,1,100.0
8.643010694447602,86.5433737601822,56.39557161989256,5.195900521079628,1.7880627328835592,1,1,100.0
6.91851603070309,96.91702284105189,97.05181373502462,4.711246843435981,5.92580184222557,1,3,100.0
6.114777430019244,59.061653308283006,49.06347350685402,4.606924697112144,4.7848893365143725,1,1,80.76529187997923
1.8430729104528323,53.32481336833887,65.94008806255611,5.516375737837977,1.6757412913680856,0,3,65.14235660057635
4.309442227534902,87.05603246450295,96.61695521005593,4.505229055053233,2.693256797811873,1,1,100.0
3.386821309135529,78.7236556589956,65.18363901556734,7.46080670847066,1.0868282539412035,0,1,91.11869774009462
3.195906790411752,92.0914388379136,78.31155685984513,4.311458990650314,4.28137575825154,1,3,84.85454770464632
9.75709499277201,56.988618831314476,63.855663877767654,6.547110640748949,3.108856825320003,0,2,100.0
4.537879522000844,89.7633655929945,56.452912140920205,8.983484269264885,5.188502390084311,1,1,78.58089412646595
9.02841899659402,60.08136600238723,99.0386588775897,8.069851347530093,3.08066465396032,0,2,100.0
6.680247633975366,58.18279714328523,64.56004037890258,7.076097191155054,3.099433780548893,1,1,85.04014459739116
8.153301731874835,58.21328989654965,93.64595222074807,5.5312681039330585,6.202352391121224,0,1,100.0
5.523733837946729,90.72873601156911,53.79727635346517,7.119479181458193,1.336999851848474,0,1,95.89193936184513
6.192134961637232,83.25986103481,52.786282241505,6.635207319558258,7.3202649663439106,0,1,92.73006318278804
5.432659244369775,76.15327123845597,41.86804497307068,6.130416919451857,6.96584712073827,0,2,81.67497365517274
2.7571868901824006,67.94152420617513,79.10000952255311,4.653551883700997,5.674632782584846,0,2,71.77469412730325
7.502069037353548,93.86002704065541,62.11158062342567,8.433021076202333,5.15255099075169,0,1,97.24146377811756
3.526951261967702,69.62225537113177,91.86149499037822,6.248923244106613,7.246117486977566,0,1,82.72313657342318
1.2188436978830846,90.82997197357885,68.39259440149343,4.973112559103825,2.297311256701001,1,2,74.89684902331513
6.80925066316451,71.95674542851093,98.09160567488331,5.838796754386448,1.5527841353358003,1,3,100.0
2.5939961146634403,68.84722147124538,51.13153094218727,6.070648762644635,2.6765711893667667,1,3,62.371295915725945
9.464127259176228,73.13398928348032,92.11739007733665,8.137689477834371,6.562047950901332,1,2,100.0
9.585357193023286,65.0688937082071,86.59581116750451,7.66807190280701,1.2426918670853833,1,1,100.0
9.233779511984036,87.38046900881255,86.25531067864313,7.846524468206699,5.079647845584427,0,1,100.0
4.331428302299,75.13601950462396,90.68699368701326,4.055156322143236,7.968062613339169,0,3,89.30090969905804
1.1391095487598069,61.61063475734087,85.66143945657993,6.0807699908988075,6.989872656862776,0,3,75.60715205658524
9.354867063289529,94.97872866372842,77.57321929788492,6.406720758176618,4.650119823305126,0,2,100.0
4.8536573348558285,69.19456106866058,47.87469266094325,4.0959613841152835,1.4454863650064964,0,3,70.37562335925124
9.699893371393026,77.17764305569943,41.95157076947511,5.299066043725171,6.8196146006999685,1,2,95.33286308612988
9.672579793803276,95.32360554822735,95.2508708689412,7.801449115610675,5.192849557240474,1,3,100.0
8.677085099206241,81.21189979569961,76.99901887124429,4.685548528644995,1.8045309794169677,1,3,100.0
3.6500400286262713,55.8449020354182,87.79223745857058,6.6765506572629585,1.6570009937634933,1,3,91.20563040688886
4.465879557417328,96.99160618067376,68.891341090753,5.0760093600861875,7.367387736056147,0,1,87.62593234813531
8.660230043651712,81.38540265357089,47.03849133774367,4.060603873219466,5.684401840566549,0,1,92.82330173917788
3.852298046406499,66.74528073285431,47.511147532153025,5.206007287997707,6.805007595217289,0,1,65.5757324276112
2.5254347201748324,56.96360363316936,81.13391723373829,8.879368774550269,7.152852301975871,1,3,78.14610722055302
6.0112113621251515,89.7012594635148,65.81835369396777,8.007685559414949,5.0024064643382555,0,2,95.26861914085933
9.425392967447028,81.00363779642568,52.0314836020202,8.797883221605167,4.622124462285289,1,2,100.0
7.264268170074757,76.67305459881608,69.49567280448622,6.439270219631812,4.012991872246931,0,2,98.68362020302006
6.1305505308042845,94.69462915254788,43.85253622450804,4.548680993387517,3.2186261145378348,0,2,91.54853897354793
1.8745884439369167,89.42986056122653,74.91828411486392,6.739797444868465,4.042171726010983,1,1,77.56508484964064
6.535065040292528,57.58374398663756,56.13960426610586,6.271886672799805,6.417157590111095,0,1,80.55202129697423
9.91048465093837,65.5861033897774,87.85354603823129,8.221785413698079,5.213464017105921,0,3,100.0
2.260756137128716,62.424456990723286,58.621717535414426,4.490412903921223,7.247663029683922,1,3,64.45330101933605
5.664966871273631,87.19731462863385,67.31320894490807,6.441205685108891,4.103660100654314,0,2,96.48880735096185
8.896357647351598,51.67662173678897,40.697232394486036,4.750243323469921,5.249627051031278,1,1,76.10060147579425
7.66691755978784,78.49448424356582,44.34681326767353,5.6233796344503,5.419152871643921,0,2,87.1268644200032
7.273141668957412,88.12293428703452,63.54961338440109,7.686785386938999,5.1418801361442785,0,3,100.0
7.322356755883983,93.83828183808747,68.79633008302741,6.380090646843833,5.9184364115986146,0,3,100.0
4.2354203609777965,67.10408743579538,76.00123288715822,5.879441425728847,2.662034278623644,0,2,94.95834353399599
3.64232659838044,91.06286523360065,57.499754722558194,5.972381392850177,4.586546442820534,0,3,78.97975941928048
8.284250399306622,55.53158684776036,81.69891316759255,6.297233842029933,1.7295736196584337,0,2,100.0
8.291020552112627,92.3226145867259,91.60734383135228,7.925082719185284,3.691579293513688,0,1,100.0
8.803650867220933,56.37443311659912,86.79105933360098,8.460423444701172,4.413669480348851,0,2,100.0
9.219164973008242,69.86436452801837,42.37712952090143,8.776673432519642,5.565569816818307,1,1,100.0
5.60208158974844,89.86476828897769,68.83041683546973,7.934516931276476,7.6537173681034245,1,1,94.90279345852574
5.513646652184796,57.49587136743869,46.29581070509049,5.577034478740064,5.204557465838491,0,3,80.89181243065431
8.184656610700976,61.462569761632075,54.522700951751645,7.4406735304327105,6.205157413235918,0,3,95.67888036109507
6.849675376999887,86.11262841965332,99.19975559602878,6.18801562027696,4.543862416466419,1,3,100.0
7.31770189531933,86.00182682730372,48.5497325740908,5.273353110230256,5.438728219634319,0,2,81.40659940905326
8.16213402492491,82.05738164426486,69.93328920708136,8.204357897129613,1.496525512936414,0,2,100.0
9.010048076358096,84.697422223355,77.08934405908714,4.192131744811625,2.780741065892929,1,3,100.0
4.041956411663822,77.13622216737981,82.14789823264624,8.508809960677118,3.532971652435971,0,2,93.58839675647918
4.380246573759496,62.58995294534764,73.57892100921485,6.30738732312367,4.307453485045595,0,3,84.30929454749494
1.845837458567821,67.28479967519597,40.58625084515102,7.186007384041402,1.3195412185166862,1,2,65.85743266704714
6.204521268965566,59.079885840071285,59.58767849463951,7.296769611028914,1.9801686828732237,0,1,86.02374903496342
1.3234804641706788,95.42252806668142,71.06269860308268,8.475588703532681,2.9377001545391406,0,1,76.57369816453104
5.190382163192141,79.16958973830603,45.27198994869,7.183348410836037,7.800728836307354,1,3,82.6751316877604
5.883801712368189,70.042570838182,61.037615872550845,7.069667923800309,3.3194290497213554,0,2,92.42781402999924
3.5788712691545594,73.10029018220663,41.99218652748199,4.33326020280345,4.374287406784577,1,2,62.87356773492672
6.317499345121097,97.36416698059077,44.71470982930124,6.59204010972602,2.372683989168751,0,1,89.30400714126517
1.2745022494514449,57.66757015580401,63.815396572095764,4.750845004085209,5.275460497530378,0,1,52.76433142838723
1.3361336987429298,79.31149160083986,47.96294524258362,7.687168843607428,2.9647825086118202,1,3,71.6105245321811
8.403405045936925,75.2944339442233,74.05245089569348,6.561109604063373,2.4489480490689877,1,1,100.0
4.241715772701366,80.57271177173239,81.36789814823594,7.401138896041767,4.616008399121854,0,3,98.10442284600364
2.143544613866963,50.90550919104203,88.03520194654497,4.208364503011921,1.0385405941229457,1,1,64.8005396415858
5.700189340493239,93.60619544720757,52.009014654688606,4.423960080229016,1.0536482285445774,1,1,82.27867302444449
7.9299419778874976,96.60591412418061,50.04895493554419,7.5816169403134115,2.5334816637130047,0,2,100.0
2.9423892474715885,78.25665917946044,46.274070420064014,4.360421679993367,1.257049537505748,0,1,63.52041197381085
6.606014282371002,84.83254119384462,78.1858149726182,4.356283638826293,1.7561802789148397,0,1,100.0
1.768127184943912,96.12496905886478,82.38854358921407,4.060542376174437,3.372024545371261,1,3,90.54559677529936
1.4651354905174694,85.36193171566993,41.89516868953852,8.782506991497401,6.61809975705869,1,1,63.49892467262506
5.782191684113332,57.62695214571307,96.17273477462139,7.687541797295035,5.004340503585106,1,3,98.17683623197064
5.865716094490959,78.81441800834065,43.118277019088346,5.766257042510321,4.588674081694915,1,1,85.1426872262059
6.736869113483859,80.3357523191428,72.47778011806423,5.482677906438276,3.0544217624568515,0,1,97.15441979033075
7.534822003503954,71.2065335651193,82.54363116705498,5.748516148729248,7.522276036029715,1,3,95.83246093465588
9.782668715162812,86.82221178123613,92.25814742476514,7.873267655905909,3.779105288660342,0,2,100.0
5.646703134710758,96.71835073845074,82.84521592794567,7.306853055352072,1.6096493675704004,1,3,100.0
3.9066082564712135,96.27842564533881,88.10368498418751,4.92597783933734,5.319465612824609,0,3,100.0
8.156675752918334,72.5419685702066,60.367011552568364,4.870546676670422,1.7968687543362099,0,3,90.1528484680363
3.437490261358668,55.661902292037766,88.88950682479073,4.491978248566987,3.4165619996118446,0,2,72.51198374574778
4.950742786350725,99.24205994811673,44.80689078308051,7.30151359850669,4.551883571024662,1,1,90.92856754800552
1.7061074320803935,91.94490432229671,93.68899936363165,7.82186331110868,7.119557672796231,0,3,87.46153537360142
1.2281566907391177,56.233134060163344,72.85554256922417,5.32523214162502,4.454826062380831,0,3,68.63041231657353
9.663835732101326,96.04209413086862,89.03786619774962,4.104724805154564,5.91581136222165,1,2,100.0
8.523821084609853,93.49481810310641,67.139097071098,4.410858337382137,7.949717872993492,0,3,100.0
7.263767854843282,75.9419028563036,78.6146617117915,8.839300174225153,1.9204238392858715,1,1,100.0
4.680576499728429,79.56377178724647,71.58415965616679,5.477223887387101,2.9231206786366366,1,2,88.28740337031721
2.559648880637612,69.95013519350651,83.89537130531991,7.846115739190668,3.762032529183525,0,1,85.68433531754806
2.4079333840397745,52.73808194110157,44.897798921835374,7.123317844271319,3.9527972497718196,0,1,58.147923965276625
3.252186083481358,66.75986208229504,43.62112503943383,5.909698198264479,3.8771475268588205,1,2,71.00295774532741
5.943039982355084,90.14267242990057,54.82619404060878,5.028436310977775,7.353277017895884,0,3,87.50267597690465
7.431363304300561,50.23160115023014,49.5726808067913,4.606932090797033,5.998228511267995,1,1,74.84010613623137
6.941776390459581,66.6749585845572,92.3070139955321,7.075064840194333,5.255336498634926,1,1,100.0
3.5194050725134858,69.90843467954717,53.15283924148266,7.87316890318894,3.1656090250394744,1,1,77.60345700563163
9.593787525968747,76.86978014689615,98.55191534914788,7.2195212677056535,6.766532689549063,0,1,100.0
7.641072250261916,95.99278082063802,60.21374750626641,6.651510666245792,7.6854235803949225,1,2,100.0
5.989186472602606,67.31729971829806,50.927074941321955,4.209756117158181,6.748387977851586,0,2,68.20476365317543
6.5054867161091705,67.34766009481139,87.38191042854875,8.84244388797192,1.0109557363403103,0,1,100.0
4.776400561850109,86.87506240548741,79.52246653005257,7.993570958272873,5.4548095912838495,0,3,97.66268688422062
3.229578905510417,72.61089704449036,69.89174298718834,5.464110183504824,1.357947670094705,0,1,71.43908866072522
4.2037541078613545,61.2302411469991,73.32181305625788,8.899851646794254,2.8032505423360528,1,3,100.0
7.820614994179322,72.62197580663467,83.15210669633584,7.009407948181611,1.4166729024344018,0,1,100.0
1.1295413976678028,57.04285101898999,53.70728447987793,6.912113291036232,5.226568170645714,1,3,62.44407326136921
2.0446537645622462,58.819349325311165,99.78003496340452,7.740365897147661,5.806129394448248,1,1,83.14107901558666
1.4140237781957747,74.91838863697399,98.487589728807,8.058848940450687,1.801413466461336,0,3,97.27711169310398
1.3665592208707311,70.94627247522739,79.01954118081622,7.282393036657513,3.6868721813148566,1,1,75.25784493919893
8.699145256099065,95.742295053405,51.972547055748706,4.640478731831,4.193655562688794,1,1,97.76133069679494
7.332920734420213,68.11969495583166,80.81369454587748,5.6913375299724915,3.583371152326416,0,3,100.0
5.267564461785927,79.02941751390217,44.33190453875055,8.640418201630249,1.8471750033963512,1,2,88.19290555010787
1.8805074458590134,81.61321439597651,41.839150132348365,5.123078059219259,3.9326345313123277,1,3,67.21442430432002
5.4245428760514915,50.654722829416684,55.46097331067282,5.860835119187566,6.258246334658927,1,2,82.97856901852263
5.261245937025091,83.17686860083553,67.75737740435898,6.16038441472098,1.4970536517327884,1,1,97.21705553718147
2.5588168291901368,58.90179834348757,92.09635032450284,6.197024948472261,1.561260098573324,0,3,87.38855571837432
4.904664843141758,98.05351587347276,83.63014418597848,7.064697912472628,3.4833990428518895,1,3,100.0
4.586542609576361,57.43313638765565,84.56239127199886,8.715379188723539,7.592079981332475,1,3,95.08065213797235
6.542650882469948,70.73120618635119,65.52960006688453,5.2034635591625245,5.680008527060398,1,2,84.64200010789972
6.715842857808794,54.26748340393219,60.75609955281777,4.60750688150459,5.750689696707954,1,2,82.95949190537648
1.4077360879484007,99.84371259229736,62.262325779076164,4.987352449299687,3.533439935865055,0,1,82.38390782052605
4.371513531638241,75.10975051656213,99.25897382416348,8.434624501046347,5.155625538459769,1,2,100.0
6.632739241428127,79.7692508660022,42.406551484748945,7.22905406327603,1.0709182881942036,0,2,90.39164495929563
5.528226327220789,53.353823869421376,92.02188976734692,5.429533946195801,5.452672324866795,1,1,85.12005462837244
8.7084085706949,87.49802351995889,74.72052451434361,8.079734694843086,7.3930086330336575,0,3,100.0
6.928242684570505,60.49527965477929,66.31692515137543,8.30684998181718,5.288014278413734,0,3,100.0
2.466409843732867,94.90271447203568,83.51545962490819,8.23257169345139,7.115890154264415,0,1,91.03856017132557
1.6351187266038685,60.25698202410036,69.20013648548218,8.594632668197772,6.0678113882626565,0,3,73.93112631084416
6.78177350385684,59.53438603318333,92.40539428489963,5.261205100866808,1.8439089148258319,0,2,100.0
1.2386017948745964,51.827483392404744,94.04211184067552,7.775209643731391,7.317173151000892,1,1,66.7119815011622
6.2719802314611695,73.60334725549997,65.30325561240733,6.3026974863707,1.4651069104904242,1,1,96.61680791384217
9.462072172824618,78.24205666313082,56.60966783410309,8.209992764450307,4.737772307834346,1,1,100.0
6.179267600882911,53.285431971417616,75.54101971560173,7.642453385808066,1.9949598665542037,0,3,88.71201471780918
4.493529335858697,88.77638083475053,94.74180073700145,7.882237232498623,1.0819462751163285,1,1,100.0
6.789593965981179,72.66444173740138,52.63973134033999,7.280809188405358,3.954239820893473,0,1,83.40439018092226
5.12427601442365,76.219513466379,77.37799501380897,4.8871438473485345,3.0652849535790936,0,1,85.99063051353737
5.910551103843415,72.03813734691141,77.89361320555123,6.725134594484691,4.402003456583222,1,3,100.0
9.473183278988726,70.0381530437663,83.98678134491686,8.923348697622542,5.0403992071418555,1,2,100.0
4.474923740206968,77.98201656541089,47.894061107635586,8.686940332485594,1.3061735061626316,0,1,84.62712178153268
9.650715074415228,57.76201229653562,82.9494978809253,4.215868678985059,1.8610230658662195,0,2,100.0
9.148155777604574,59.09640652476356,94.54195123993846,4.824074078647186,4.9104967751529776,1,3,100.0
2.762120213103668,93.08928105067587,50.78098653221452,4.65864386727281,3.4021714722086074,1,3,73.87138349471422
1.624251707876489,97.30577310668164,54.25259949543266,7.629899549926478,6.104214412846136,1,3,75.92645261278716
1.9070020123968399,68.66546581398765,98.28370564249838,8.088926649284726,5.566041540143578,1,3,94.43684540788209
1.1639964308639477,63.53723365717769,50.85861716256939,5.067556831553359,6.919230540929348,0,2,38.293923987864076
1.8499866468033557,82.19997716195078,91.26310560217475,6.529263464759145,5.847449786684577,1,1,77.64557172282589
7.147060960747211,70.43670855490483,69.53667138688209,8.203515140056,4.009517541731037,1,3,100.0
1.6406978361420608,51.26931778301724,54.833864464190626,7.6640077238312525,5.7107663567610265,1,3,56.995889489334495
3.8707806726438516,57.80762986830952,92.24499407635068,6.711186027459242,2.92766821978793,0,2,91.55251339823705
8.60387779872509,85.79861144236988,66.71831530015993,6.951738452293864,3.1441944914474886,0,2,100.0
1.209447421622433,82.94619709550757,70.8890412357814,6.5418027345814,6.522896119445553,0,3,65.08650262458985
8.330216343300423,51.354799625174174,61.55400216398594,5.487742256594103,4.124936614811075,0,1,93.72254813072341
3.5366929729605996,61.098608096647474,75.57705108609565,6.8251099642950805,6.588662383628467,1,1,82.5139509261963
2.0634834485949063,61.55373982940357,49.81143235510137,7.444426510250453,6.756956615677949,0,3,62.08104638776033
7.270634488277356,83.59463717993643,63.46489219910564,8.366614579304038,7.0029363636289865,1,2,94.95936449322824
6.660485621018956,50.98552688771821,98.16473934011725,7.18145676989624,7.416446650888451,1,3,98.5744550120257
8.897248121743477,55.205429099228695,55.48800596206765,7.80560768521579,4.016896543593074,1,3,100.0
7.615639394234972,89.99580426865947,79.40419987247753,4.800358174772865,3.232067728247972,1,2,100.0
8.231328373463636,58.927233102716684,59.511403853481696,6.307787372098949,5.075391226158797,0,3,96.13666736007596
3.538311153141758,82.63730539259373,86.40838754119603,4.046658099135467,3.598206964063393,0,3,90.30735670170691
2.5969558940175053,61.90913905233633,47.85241964310099,5.233394322608115,5.207519167601631,0,3,62.16569921921539
7.755532764767725,54.97206963796726,98.18926270471269,7.632308575565024,5.939101038506772,1,2,100.0
8.261512653405376,62.1586095499727,67.22737248301836,8.959049756746817,5.818835129444958,1,1,97.29022562108423
9.91454627800606,86.11334659278296,54.16302780078784,4.495890497936079,3.6218702091408495,1,1,100.0
4.713559092202838,92.78482340531428,44.409804839800756,6.007471579306442,2.16802141189127,1,2,79.01280786896147
4.348162772135049,91.51099322834958,50.18547430525244,8.000354843495797,4.013705369235453,1,1,81.54851500579106
7.987716646677971,69.85917648092274,71.18643691336106,5.020178173144494,1.9981590085733612,0,3,99.9541514031093
4.06723186227716,83.40425682853231,60.22019058587718,6.7754247465114315,7.230679246286658,1,1,78.24072076115286
9.376815930432082,60.24921477079105,89.73300195295657,7.665356480148374,3.421142225165002,0,3,100.0
8.725714766587107,64.65738651305067,65.85325141970836,7.079927251300895,2.0812182305632665,1,1,100.0
4.860946246375165,94.81679092605599,54.92285635525779,4.940123673077081,1.178134319340256,1,2,93.77765371407938
7.757839610123476,50.6500961755368,77.0286991962418,5.776922843428697,5.5207567040053895,0,1,98.65248154827383
7.7908858667621415,54.2754265427234,82.40663301312675,7.918958922426986,5.4583162221832024,0,1,100.0
1.9281148195233935,60.394312757301364,50.02251447405699,6.771132570660083,3.3842291660690416,1,1,48.51630419186941
9.1229761601161,51.32661019369099,50.05715297729906,4.026148067714564,1.501983221933557,1,2,100.0
5.547271352030714,59.071771754489866,42.20028561601258,7.804953800140469,3.867402264266624,1,1,80.88142408214186
8.438117194969674,79.15207804848461,84.18412090393844,4.176556774701195,3.178522465443755,1,2,100.0
3.880446409275506,71.07122752962489,79.8282716573083,7.72866891365616,5.7398444781450655,0,3,93.95609800903222
9.059709056465804,94.63358555384875,68.47785254498883,5.012402800826187,5.240454746168832,1,1,100.0
4.502815108607468,90.87217808692205,90.65022693815183,8.790367400596901,3.55215609738278,0,2,100.0
1.0975388633226852,67.0908675848938,88.34020917700319,5.839703756510422,2.5252478797849305,1,2,75.53109389527714
9.148437787773373,62.971171671564626,75.12126186380513,5.634658081690396,7.916251763089143,0,1,98.94438964326619
1.821580091075202,68.98462040836334,92.09627683079552,4.7444402516622235,4.178011348372804,0,3,75.31973538973577
3.873822738313734,79.51474712574039,52.350472602206096,5.528021077451075,5.8179196504616595,1,2,76.66229380388404
9.550557703457244,63.403182041143815,46.71517716386367,8.383253809141003,1.9838707730485254,0,1,89.11658416713051
9.555464322438006,81.2074453924567,56.18497669101938,8.981671688136236,4.399127897615784,1,3,100.0
6.160940993109575,70.47058260956202,43.42521136535889,5.841547652534242,1.1927570390862585,0,2,91.93330464150979
6.686534909528193,77.602359042599,71.87017168006192,6.243053154772713,4.53818582537315,1,2,99.61182139857596
5.036009697804878,71.80632645676583,96.19634153769769,7.6103546910136854,7.748121849823916,0,3,100.0
3.638896945282581,64.72328797709588,42.36061244011058,8.430978902325373,3.689446990900602,1,3,75.56477647464273
3.957980908329244,97.42266534810783,47.32659484060161,6.9652216709339205,1.272972088024381,1,1,89.98158185708962
7.052666104693346,88.18028970798804,67.13194169700611,5.957628490889147,1.2166905364354048,0,1,97.26906492342394
7.77137076493912,57.00565878832263,96.0325010516743,6.063109204243119,3.7159073196280863,0,2,100.0
8.124211393532637,93.42339879489565,58.96936629860503,7.478090732484034,2.1201745552423583,0,3,100.0
8.106563285150985,74.37155991247567,70.43408852130355,4.0160913180213935,1.1634646742973014,0,3,100.0
1.8208549274382133,94.72761134470457,42.494371543023526,7.097946687299204,6.293495297651238,1,3,57.40654651061129
5.449782742323233,89.99276279736576,48.90059205772533,5.777465052206787,4.209661062173235,0,2,83.77553400604198
1.5180288401497986,71.26067522346167,99.19780737753081,7.9709866563854215,3.0247134038085814,1,3,92.11963802225684
5.94575994091362,51.12346541600587,97.90712178616273,4.46495319911566,7.300582281115365,0,3,95.35126819649281
4.973774512360393,63.4338679692473,40.29639885606458,6.941011334741953,1.8129727214036793,1,2,86.98490507787571
8.989337644824698,77.08171073304335,97.10870712539433,6.404864449430619,7.691431802687235,1,1,100.0
4.1582351129687085,81.67391099130737,78.34719626893002,7.211627629526137,3.1977670216414698,1,1,97.49016881201273
2.053603147848453,62.894384271660115,92.07509767120132,4.324267972414842,7.218825706160769,1,2,68.97621584828839
2.2869251384755227,56.96780370364121,67.28439133803154,6.899918937140656,5.22060013535623,0,3,68.88364056234086
7.85359568545725,91.74651183996495,70.93576171475502,6.807422939797618,6.7869515181904125,0,2,100.0
6.56396256984635,99.2201090351776,69.33079481541522,6.8033004720808545,7.8880921424732495,1,1,99.69069851564196
1.9101040851051123,76.28450911513428,80.01185545276626,7.017438332982274,3.01883806473122,0,1,85.08896470699688
1.756961255034977,58.583964292415175,48.379075285378775,7.382339686131811,7.727948397853151,0,2,67.28132954608441
7.30872218313208,63.615366325968445,41.798415392360674,8.024944998403848,3.7263732643169423,1,2,100.0
1.6548670572777417,50.919533827373336,58.47579649547146,5.3491036006410715,3.698583333158456,0,1,62.560537233325476
8.396740533613206,95.71494032802495,82.2808457641988,8.12524705090031,3.38270972978154,0,2,100.0
7.3561800444084655,55.88755414450706,52.1112071273769,6.491278411317268,4.7898532514330965,0,1,89.9360515765593
1.7321390257770979,78.82582377571268,80.40594599949503,4.385291395671656,2.0790153022494096,1,2,86.4300855680085
1.7635394267667273,63.7027610343603,98.19472276643623,4.292754646219896,4.875980397506078,0,2,73.74145126062182
9.87975620651058,77.70890012578967,45.6340429473651,5.671191593480304,4.791933686870028,1,2,100.0
4.368437161805083,82.5710194175932,80.35612709350758,7.924484885557337,6.3333126882340895,0,1,84.26783821011158
4.335779323602019,91.48709018536009,66.62501315827427,7.538404673704579,6.835549733563099,0,2,82.21659001676582
8.315196105317524,60.321063588030164,92.08853526265032,7.943074823362032,4.083089452186968,0,1,100.0
9.525237196454729,50.549791432924025,50.628987366843155,6.586345282208047,3.1163327454604564,1,1,97.79041835070217
9.874009574405838,56.844281503440364,81.55755713356987,6.200994989777453,2.8153442812196614,1,2,100.0
7.780403667330475,95.00093209240525,90.28691737888661,4.73726263353142,2.3623668569341034,0,2,100.0
4.3863362697782415,93.69450387812576,96.6768531684414,5.640963768046558,1.4035330753931743,1,1,100.0
1.7515064502880189,79.87065510851542,80.99488169737874,6.170096830869376,3.3971358518429935,0,1,76.26921667818803
7.994322243346931,80.02584302168268,69.83048584050565,4.443002148398087,2.891733844915483,1,3,100.0
6.025638247622245,83.25183372731277,77.07083441207283,5.103059763556057,7.764921701064852,1,1,96.31655590610943
4.817998083222786,58.76856393117248,92.1342990687231,6.991126470318694,4.903961783750307,0,3,98.52323903067081
9.157189465852625,95.72059729624799,74.23658479832979,7.678315571195949,3.4309392732135526,0,3,100.0
2.000777340755362,70.93852624460365,41.82322358181021,8.991737556964749,5.063273206955872,0,3,67.80318178726804
5.433625938617732,69.15692641247487,95.85692173041866,8.665566656717788,1.9743769094198687,0,2,100.0
1.1021828029067717,75.94588526414188,81.37160506189367,7.2128259976759574,4.10830624441542,1,2,78.90519806904997
5.217945777947136,52.348298338752755,80.59080314663478,6.10624026647036,5.3836402499474465,1,1,84.011091113511
1.5067294811365362,58.31416843780397,52.94050914386303,7.180886823541163,4.42228482254716,1,3,72.24007903921319
2.0693612464126474,86.90168082131852,79.53312821395943,7.92825809040116,3.8124516045802697,0,2,80.007632142008
2.057736220993944,54.139933396256325,63.63186433924951,4.591680954616937,7.956938722297887,0,2,65.34936352304584
6.842892719044572,80.1576054733194,79.07397862248952,6.049524448481441,7.162203335042489,1,2,97.83658048042722
7.71440391338881,62.26745548406605,46.39558181847944,8.199011428178085,5.363841707116081,0,2,84.07220937749109
6.250318885874437,69.46478070209882,79.47071827618217,5.91916475966522,4.98564152827598,1,2,99.50669293767048
9.659552936270877,64.43468683853499,99.96482354624,6.859361356135933,5.344623358772088,1,3,100.0
4.373835215713337,67.78363582324745,42.892722331633365,6.938846804310991,2.4091847547570326,1,3,90.75430769423694
3.571408776536747,85.95229525921228,98.63045105327903,4.9223812656681964,3.7659642028502303,1,3,96.12622501489433
8.817392153705143,64.85608578115875,64.41447764337224,5.811177208261442,1.2762167302362952,1,3,100.0
3.0123625466750736,78.32023201484486,92.24520702023555,5.672556443709661,4.328822262407787,0,1,76.17987806234018
9.669002854965502,73.80252010995498,86.94312904349641,4.130983542660324,4.801172087703642,0,3,100.0
1.109390272208347,83.1835582681324,74.02097565920006,4.120958819456776,2.594248152722467,0,2,66.57400413569681
9.728909440368751,96.8414869662379,84.30695255507959,8.158485218378868,7.748201930158596,1,3,100.0
1.388439207555185,86.62860486051251,92.71093367808088,5.365354049864062,7.366182276560694,1,1,72.5548594535198
9.02028802328264,60.74701892953784,64.24841929906198,6.590393831194077,6.055002648191341,1,2,90.88852377138649
5.749309981776698,51.55915675306424,59.62198969379432,5.493627867943865,4.733706401357538,1,3,83.60573939789133
9.936683165073703,63.113202214991254,80.05560313381508,8.703396225576702,7.089784117533795,0,3,100.0
1.6641690826185898,79.75389653501274,88.47075651647552,5.296483794328869,1.9145664067642403,0,3,88.76179282681144
5.984688559611887,52.57129067421252,85.73710808659695,6.148284063694676,6.533568559924195,1,2,98.26589138166105
9.72372282057189,74.81831236006181,87.86881893151806,8.36365125242301,1.873745697767938,1,2,100.0
5.707880597531339,79.84214244584446,66.13499888877598,8.209667833959044,6.559474637845838,1,1,94.8469400554242
6.664587743217362,66.71219454084805,89.0700529705013,4.930507089231386,2.9303729777594985,0,2,100.0
7.261738200861554,88.54561018729109,47.212543322236506,8.013216548978551,7.139634067127322,0,2,85.9377054390785
5.090869582909959,55.32991265668859,72.66934587765097,6.290934433689463,7.608294656777785,0,3,82.30059162977905
6.648022720756571,53.75688908679044,40.34551962988729,6.414844360426776,2.0415717858358096,1,2,84.34742007356941
6.258828807307902,86.40943781018017,59.47514979401622,4.667399862079719,4.238729235457755,1,3,93.99053986989271
9.110422094418901,74.77456581030992,61.98769209228387,4.403007568785624,7.866911647138796,0,3,100.0
1.409017423073121,84.4201198213868,63.770361496555324,7.6396965348688255,4.383852051812026,1,2,80.19241120733406
3.528668706330073,71.74136693018731,81.72803240139173,6.482305761776499,7.044832657601816,0,1,73.16230945577013
9.553703356689029,62.32010166195534,63.31348607622074,6.184253513075898,5.121120654919239,1,1,97.30684598529564
9.012374055018247,90.95511588370998,66.92161735735183,7.647541143261984,3.627309355437213,0,2,100.0
5.100910775071417,89.97079394844896,54.252647852459646,7.827564494955549,3.0004848886810915,1,1,87.27510690422545
6.581193380213831,84.73482354272134,62.39510749776041,4.794540838346768,2.4225616376026107,0,3,90.03343017148003
3.496430646830194,63.607256861498136,53.63617763578909,7.051125747388206,6.33258733964388,0,3,66.63920815061188
2.6930904375138516,79.51153334345436,44.39175542610662,4.676770411388428,3.705783547761195,0,2,58.70887412699606
5.173285644459839,68.04869484700134,76.20691560288267,7.756875430145229,4.578928235405258,0,1,94.451413964826
4.180170052234475,54.579103666331704,80.09276791330097,7.284775781335697,4.446278360008273,0,1,88.72595757909765
6.252905006657849,95.86567877311214,77.16942076057687,8.783073105417289,5.0409532046319185,0,3,100.0
1.6996117326848634,56.84093154594807,67.80964262803434,4.344790081782106,7.059040019371865,1,2,61.50558287861443
9.769553268995498,97.51186769104012,62.78714681075379,4.285273605756272,7.865175405084006,1,1,100.0
9.875896700316426,72.30028864789779,91.80001897430951,5.410935373466001,3.8530894600167187,1,2,100.0
